Rndrng_Prvdr_State_Abrvtn,Place_Of_Srvc,Rndrng_Prvdr_RUCA_Desc,Total_Services,Drug_Services,Total_Beneficiaries,Unique_Providers,Drug_Service_Pct,Provider_Density,Urban_Rural
AK,F,"Metropolitan area core: primary flow within an urbanized area of 50,000 and greater",252,0,203,8,0.0,0.03940886699507389,Urban
AK,F,"Small town core: primary flow within an urban cluster of 2,500 to 9,999",144,0,144,1,0.0,0.006944444444444444,Rural
AK,O,"Metropolitan area core: primary flow within an urbanized area of 50,000 and greater",790,0,662,14,0.0,0.021148036253776436,Urban
AK,O,"Metropolitan area high commuting: primary flow 30% or more to a urbanized area of 50,000 and greater",64,0,64,2,0.0,0.03125,Urban
AK,O,"Micropolitan area core: primary flow within an urban cluster of 10,000 to 49,999",22,0,22,1,0.0,0.045454545454545456,Urban
AK,O,"Secondary flow 30% to <50% to a urbanized area of 50,000 and greater",366,0,366,4,0.0,0.01092896174863388,
AL,F,"""Urban""",84,0,83,2,0.0,0.024096385542168676,
AL,F,"Metropolitan area core: primary flow within an urbanized area of 50,000 and greater",3690,0,2810,51,0.0,0.018149466192170817,Urban
AL,F,"Metropolitan area high commuting: primary flow 30% or more to a urbanized area of 50,000 and greater",164,0,160,4,0.0,0.025,Urban
AL,F,"Micropolitan area core: primary flow within an urban cluster of 10,000 to 49,999",32,0,23,2,0.0,0.08695652173913043,Urban
AL,F,"Rural areas: primary flow to a tract outside a urbanized area of 50,000 and greater or UC",198,0,196,2,0.0,0.01020408163265306,Rural
AL,F,"Secondary flow 30% to <50% to a larger urbanized area of 50,000 and greater",24,0,15,1,0.0,0.06666666666666667,Urban
AL,F,"Secondary flow 30% to <50% to a urbanized area of 50,000 and greater",33,0,31,1,0.0,0.03225806451612903,
AL,F,"Small town core: primary flow within an urban cluster of 2,500 to 9,999",57,0,57,2,0.0,0.03508771929824561,Rural
AL,O,"""Urban""",572,0,539,2,0.0,0.0037105751391465678,
AL,O,"Metropolitan area core: primary flow within an urbanized area of 50,000 and greater",5759,0,5188,54,0.0,0.01040863531225906,Urban
AL,O,"Metropolitan area high commuting: primary flow 30% or more to a urbanized area of 50,000 and greater",230,0,230,2,0.0,0.008695652173913044,Urban
AL,O,"Micropolitan area core: primary flow within an urban cluster of 10,000 to 49,999",364,0,278,2,0.0,0.007194244604316547,Urban
AL,O,"Micropolitan high commuting: primary flow 30% or more to a urban cluster of 10,000 to 49,999",35,0,35,1,0.0,0.02857142857142857,Rural
AL,O,"Secondary flow 30% to <50% to a larger urbanized area of 50,000 and greater",1008,0,903,5,0.0,0.005537098560354375,Urban
AR,F,"Metropolitan area core: primary flow within an urbanized area of 50,000 and greater",11080,0,9148,90,0.0,0.009838216003498032,Urban
AR,F,"Metropolitan area high commuting: primary flow 30% or more to a urbanized area of 50,000 and greater",123,0,123,1,0.0,0.008130081300813009,Urban
AR,F,"Micropolitan area core: primary flow within an urban cluster of 10,000 to 49,999",1230,0,1078,15,0.0,0.013914656771799629,Urban
AR,F,"Micropolitan high commuting: primary flow 30% or more to a urban cluster of 10,000 to 49,999",125,0,72,1,0.0,0.013888888888888888,Rural
AR,F,"Rural areas: primary flow to a tract outside a urbanized area of 50,000 and greater or UC",125,0,124,1,0.0,0.008064516129032258,Rural
AR,F,"Small town core: primary flow within an urban cluster of 2,500 to 9,999",91,0,31,1,0.0,0.03225806451612903,Rural
AR,O,"Metropolitan area core: primary flow within an urbanized area of 50,000 and greater",6849,0,5974,41,0.0,0.006863073317710077,Urban
AR,O,"Micropolitan area core: primary flow within an urban cluster of 10,000 to 49,999",295,0,295,1,0.0,0.003389830508474576,Urban
AR,O,"Small town core: primary flow within an urban cluster of 2,500 to 9,999",165,0,97,2,0.0,0.020618556701030927,Rural
AZ,F,"Metropolitan area core: primary flow within an urbanized area of 50,000 and greater",18691,0,16228,138,0.0,0.008503820557061868,Urban
AZ,F,"Metropolitan area high commuting: primary flow 30% or more to a urbanized area of 50,000 and greater",200,0,197,2,0.0,0.01015228426395939,Urban
AZ,F,"Micropolitan area core: primary flow within an urban cluster of 10,000 to 49,999",386,0,330,8,0.0,0.024242424242424242,Urban
AZ,F,"Small town core: primary flow within an urban cluster of 2,500 to 9,999",132,0,132,1,0.0,0.007575757575757576,Rural
AZ,O,"Metropolitan area core: primary flow within an urbanized area of 50,000 and greater",35255,0,33938,203,0.0,0.005981495668572102,Urban
AZ,O,"Metropolitan area high commuting: primary flow 30% or more to a urbanized area of 50,000 and greater",704,0,704,4,0.0,0.005681818181818182,Urban
AZ,O,"Micropolitan area core: primary flow within an urban cluster of 10,000 to 49,999",109,0,109,2,0.0,0.01834862385321101,Urban
AZ,O,"Secondary flow 30% to <50% to a urban cluster of 10,000 to 49,999",552,0,552,2,0.0,0.0036231884057971015,Urban
CA,F,"Metropolitan area core: primary flow within an urbanized area of 50,000 and greater",43229,0,37024,509,0.0,0.013747839239412273,Urban
CA,F,"Metropolitan area high commuting: primary flow 30% or more to a urbanized area of 50,000 and greater",491,0,407,9,0.0,0.022113022113022112,Urban
CA,F,"Micropolitan area core: primary flow within an urban cluster of 10,000 to 49,999",653,0,609,7,0.0,0.011494252873563218,Urban
CA,F,"Secondary flow 30% to <50% to a larger urbanized area of 50,000 and greater",1010,0,748,12,0.0,0.016042780748663103,Urban
CA,F,"Secondary flow 30% to <50% to a urban cluster of 10,000 to 49,999",38,0,38,2,0.0,0.05263157894736842,Urban
CA,F,"Secondary flow 30% to <50% to a urbanized area of 50,000 and greater",97,0,97,4,0.0,0.041237113402061855,
CA,F,"Small town core: primary flow within an urban cluster of 2,500 to 9,999",55,0,55,3,0.0,0.05454545454545454,Rural
CA,O,"Metropolitan area core: primary flow within an urbanized area of 50,000 and greater",29004,0,27106,315,0.0,0.01162104331144396,Urban
CA,O,"Metropolitan area high commuting: primary flow 30% or more to a urbanized area of 50,000 and greater",56,0,56,1,0.0,0.017857142857142856,Urban
CA,O,"Metropolitan area low commuting: primary flow 10% to <30% to a urbanized area of 50,000 and greater",50,0,50,1,0.0,0.02,Urban
CA,O,"Micropolitan area core: primary flow within an urban cluster of 10,000 to 49,999",118,0,118,3,0.0,0.025423728813559324,Urban
CA,O,"Secondary flow 30% to <50% to a larger urbanized area of 50,000 and greater",1120,0,1120,10,0.0,0.008928571428571428,Urban
CO,F,"Metropolitan area core: primary flow within an urbanized area of 50,000 and greater",8818,0,7090,108,0.0,0.015232722143864598,Urban
CO,F,"Metropolitan area high commuting: primary flow 30% or more to a urbanized area of 50,000 and greater",29,0,28,1,0.0,0.03571428571428571,Urban
CO,F,"Micropolitan area core: primary flow within an urban cluster of 10,000 to 49,999",411,0,336,8,0.0,0.023809523809523808,Urban
CO,F,"Micropolitan high commuting: primary flow 30% or more to a urban cluster of 10,000 to 49,999",136,0,127,3,0.0,0.023622047244094488,Rural
CO,F,"Rural areas: primary flow to a tract outside a urbanized area of 50,000 and greater or UC",24,0,24,1,0.0,0.041666666666666664,Rural
CO,F,"Small town core: primary flow within an urban cluster of 2,500 to 9,999",111,0,105,1,0.0,0.009523809523809525,Rural
CO,O,"Metropolitan area core: primary flow within an urbanized area of 50,000 and greater",5860,0,5677,50,0.0,0.008807468733485996,Urban
CO,O,"Metropolitan area high commuting: primary flow 30% or more to a urbanized area of 50,000 and greater",26,0,26,1,0.0,0.038461538461538464,Urban
CO,O,"Micropolitan area core: primary flow within an urban cluster of 10,000 to 49,999",505,0,494,8,0.0,0.016194331983805668,Urban
CO,O,"Small town core: primary flow within an urban cluster of 2,500 to 9,999",95,0,94,3,0.0,0.031914893617021274,Rural
CO,O,"Small town high commuting: primary flow 30% or more to a urban cluster of 2,500 to 9,999",125,0,37,2,0.0,0.05405405405405406,Rural
CT,F,"Metropolitan area core: primary flow within an urbanized area of 50,000 and greater",2707,0,1944,34,0.0,0.01748971193415638,Urban
CT,O,"Metropolitan area core: primary flow within an urbanized area of 50,000 and greater",3841,0,3749,58,0.0,0.015470792211256334,Urban
CT,O,"Metropolitan area high commuting: primary flow 30% or more to a urbanized area of 50,000 and greater",150,0,150,5,0.0,0.03333333333333333,Urban
CT,O,"Micropolitan area core: primary flow within an urban cluster of 10,000 to 49,999",36,0,36,1,0.0,0.027777777777777776,Urban
DC,F,"Metropolitan area core: primary flow within an urbanized area of 50,000 and greater",446,0,414,11,0.0,0.026570048309178744,Urban
DC,O,"Metropolitan area core: primary flow within an urbanized area of 50,000 and greater",292,0,232,5,0.0,0.021551724137931036,Urban
DE,F,"Metropolitan area core: primary flow within an urbanized area of 50,000 and greater",1974,0,1728,19,0.0,0.01099537037037037,Urban
DE,F,"Micropolitan high commuting: primary flow 30% or more to a urban cluster of 10,000 to 49,999",219,0,199,2,0.0,0.010050251256281407,Rural
DE,F,"Small town core: primary flow within an urban cluster of 2,500 to 9,999",223,0,163,1,0.0,0.006134969325153374,Rural
DE,O,"Metropolitan area core: primary flow within an urbanized area of 50,000 and greater",3000,0,2378,22,0.0,0.009251471825063078,Urban
DE,O,"Micropolitan area core: primary flow within an urban cluster of 10,000 to 49,999",289,0,224,2,0.0,0.008928571428571428,Urban
DE,O,"Micropolitan high commuting: primary flow 30% or more to a urban cluster of 10,000 to 49,999",17,0,17,1,0.0,0.058823529411764705,Rural
DE,O,"Small town core: primary flow within an urban cluster of 2,500 to 9,999",32,0,32,1,0.0,0.03125,Rural
FL,F,"Metropolitan area core: primary flow within an urbanized area of 50,000 and greater",45296,0,36403,382,0.0,0.01049364063401368,Urban
FL,F,"Metropolitan area high commuting: primary flow 30% or more to a urbanized area of 50,000 and greater",830,0,743,7,0.0,0.009421265141318977,Urban
FL,F,"Micropolitan area core: primary flow within an urban cluster of 10,000 to 49,999",73,0,72,1,0.0,0.013888888888888888,Urban
FL,F,"Secondary flow 30% to <50% to a larger urbanized area of 50,000 and greater",1592,0,1321,8,0.0,0.006056018168054504,Urban
FL,O,"Metropolitan area core: primary flow within an urbanized area of 50,000 and greater",82740,0,78834,553,0.0,0.007014739833066951,Urban
FL,O,"Metropolitan area high commuting: primary flow 30% or more to a urbanized area of 50,000 and greater",1590,0,1586,22,0.0,0.013871374527112233,Urban
FL,O,"Micropolitan area core: primary flow within an urban cluster of 10,000 to 49,999",318,0,266,4,0.0,0.015037593984962405,Urban
FL,O,"Secondary flow 30% to <50% to a larger urbanized area of 50,000 and greater",3932,0,3624,21,0.0,0.005794701986754967,Urban
FL,O,"Secondary flow 30% to <50% to a urbanized area of 50,000 and greater",359,0,359,3,0.0,0.008356545961002786,
FL,O,"Small town low commuting: primary flow 10% to <30% to a urban cluster of 2,500 to 9,999",156,0,156,2,0.0,0.01282051282051282,Rural
GA,F,"Metropolitan area core: primary flow within an urbanized area of 50,000 and greater",32087,0,25753,268,0.0,0.010406554576165884,Urban
GA,F,"Metropolitan area high commuting: primary flow 30% or more to a urbanized area of 50,000 and greater",155,0,93,2,0.0,0.021505376344086023,Urban
GA,F,"Metropolitan area low commuting: primary flow 10% to <30% to a urbanized area of 50,000 and greater",53,0,42,1,0.0,0.023809523809523808,Urban
GA,F,"Micropolitan area core: primary flow within an urban cluster of 10,000 to 49,999",925,0,810,17,0.0,0.020987654320987655,Urban
GA,F,"Micropolitan low commuting: primary flow 10% to <30% to a urban cluster of 10,000 to 49,999",201,0,193,1,0.0,0.0051813471502590676,Rural
GA,F,"Rural areas: primary flow to a tract outside a urbanized area of 50,000 and greater or UC",276,0,276,1,0.0,0.0036231884057971015,Rural
GA,F,"Secondary flow 30% to <50% to a urbanized area of 50,000 and greater",467,0,357,4,0.0,0.011204481792717087,
GA,F,"Small town core: primary flow within an urban cluster of 2,500 to 9,999",482,0,394,2,0.0,0.005076142131979695,Rural
GA,O,"Metropolitan area core: primary flow within an urbanized area of 50,000 and greater",17789,0,17528,143,0.0,0.008158375171154723,Urban
GA,O,"Metropolitan area high commuting: primary flow 30% or more to a urbanized area of 50,000 and greater",1459,0,1445,12,0.0,0.008304498269896194,Urban
GA,O,"Micropolitan area core: primary flow within an urban cluster of 10,000 to 49,999",853,0,843,14,0.0,0.0166073546856465,Urban
GA,O,"Secondary flow 30% to <50% to a urbanized area of 50,000 and greater",99,0,99,3,0.0,0.030303030303030304,
GA,O,"Small town core: primary flow within an urban cluster of 2,500 to 9,999",368,0,368,2,0.0,0.005434782608695652,Rural
GU,O,"""Rural""",64,0,64,2,0.0,0.03125,
HI,F,"Metropolitan area core: primary flow within an urbanized area of 50,000 and greater",58,0,50,2,0.0,0.04,Urban
HI,O,"Metropolitan area core: primary flow within an urbanized area of 50,000 and greater",15,0,15,1,0.0,0.06666666666666667,Urban
HI,O,"Metropolitan area high commuting: primary flow 30% or more to a urbanized area of 50,000 and greater",36,0,36,1,0.0,0.027777777777777776,Urban
HI,O,"Micropolitan area core: primary flow within an urban cluster of 10,000 to 49,999",29,0,29,1,0.0,0.034482758620689655,Urban
IA,F,"Metropolitan area core: primary flow within an urbanized area of 50,000 and greater",4737,0,4168,53,0.0,0.012715930902111325,Urban
IA,F,"Micropolitan area core: primary flow within an urban cluster of 10,000 to 49,999",905,0,691,14,0.0,0.020260492040520984,Urban
IA,F,"Rural areas: primary flow to a tract outside a urbanized area of 50,000 and greater or UC",31,0,31,1,0.0,0.03225806451612903,Rural
IA,F,"Small town core: primary flow within an urban cluster of 2,500 to 9,999",265,0,183,4,0.0,0.02185792349726776,Rural
IA,O,"Metropolitan area core: primary flow within an urbanized area of 50,000 and greater",3521,0,3453,46,0.0,0.01332174920359108,Urban
IA,O,"Secondary flow 30% to <50% to a urbanized area of 50,000 and greater",631,0,569,1,0.0,0.0017574692442882249,
ID,F,"Metropolitan area core: primary flow within an urbanized area of 50,000 and greater",2008,0,1710,38,0.0,0.022222222222222223,Urban
ID,F,"Micropolitan area core: primary flow within an urban cluster of 10,000 to 49,999",624,0,543,11,0.0,0.020257826887661142,Urban
ID,F,"Secondary flow 30% to <50% to a larger urbanized area of 50,000 and greater",607,0,519,10,0.0,0.019267822736030827,Urban
ID,F,"Small town core: primary flow within an urban cluster of 2,500 to 9,999",27,0,27,1,0.0,0.037037037037037035,Rural
ID,O,"Metropolitan area core: primary flow within an urbanized area of 50,000 and greater",1404,0,1404,15,0.0,0.010683760683760684,Urban
ID,O,"Micropolitan area core: primary flow within an urban cluster of 10,000 to 49,999",98,0,98,3,0.0,0.030612244897959183,Urban
ID,O,"Secondary flow 30% to <50% to a larger urbanized area of 50,000 and greater",610,0,601,3,0.0,0.004991680532445923,Urban
IL,F,"Metropolitan area core: primary flow within an urbanized area of 50,000 and greater",13847,0,12425,204,0.0,0.01641851106639839,Urban
IL,F,"Metropolitan area high commuting: primary flow 30% or more to a urbanized area of 50,000 and greater",17,0,17,1,0.0,0.058823529411764705,Urban
IL,F,"Micropolitan area core: primary flow within an urban cluster of 10,000 to 49,999",1389,0,1370,12,0.0,0.008759124087591242,Urban
IL,F,"Secondary flow 30% to <50% to a urbanized area of 50,000 and greater",19,0,19,1,0.0,0.05263157894736842,
IL,F,"Small town core: primary flow within an urban cluster of 2,500 to 9,999",64,0,64,3,0.0,0.046875,Rural
IL,O,"Metropolitan area core: primary flow within an urbanized area of 50,000 and greater",51820,0,51510,211,0.0,0.004096291982139391,Urban
IL,O,"Metropolitan area high commuting: primary flow 30% or more to a urbanized area of 50,000 and greater",265,0,265,4,0.0,0.01509433962264151,Urban
IL,O,"Micropolitan area core: primary flow within an urban cluster of 10,000 to 49,999",1325,0,842,9,0.0,0.010688836104513063,Urban
IL,O,"Secondary flow 30% to <50% to a larger urbanized area of 50,000 and greater",493,0,493,3,0.0,0.006085192697768763,Urban
IL,O,"Secondary flow 30% to <50% to a urbanized area of 50,000 and greater",305,0,305,4,0.0,0.013114754098360656,
IL,O,"Small town core: primary flow within an urban cluster of 2,500 to 9,999",52,0,37,1,0.0,0.02702702702702703,Rural
IN,F,"Metropolitan area core: primary flow within an urbanized area of 50,000 and greater",12906,0,11341,196,0.0,0.0172824265937748,Urban
IN,F,"Micropolitan area core: primary flow within an urban cluster of 10,000 to 49,999",566,0,540,12,0.0,0.022222222222222223,Urban
IN,F,"Secondary flow 30% to <50% to a urbanized area of 50,000 and greater",211,0,207,1,0.0,0.004830917874396135,
IN,F,"Small town core: primary flow within an urban cluster of 2,500 to 9,999",152,0,136,2,0.0,0.014705882352941176,Rural
IN,O,"Metropolitan area core: primary flow within an urbanized area of 50,000 and greater",6526,0,6161,68,0.0,0.011037169290699561,Urban
IN,O,"Micropolitan area core: primary flow within an urban cluster of 10,000 to 49,999",64,0,64,3,0.0,0.046875,Urban
IN,O,"Micropolitan high commuting: primary flow 30% or more to a urban cluster of 10,000 to 49,999",45,0,45,1,0.0,0.022222222222222223,Rural
IN,O,"Secondary flow 30% to <50% to a urbanized area of 50,000 and greater",37,0,34,1,0.0,0.029411764705882353,
KS,F,"Metropolitan area core: primary flow within an urbanized area of 50,000 and greater",6088,0,5532,101,0.0,0.018257411424439624,Urban
KS,F,"Metropolitan area high commuting: primary flow 30% or more to a urbanized area of 50,000 and greater",215,0,215,2,0.0,0.009302325581395349,Urban
KS,F,"Micropolitan area core: primary flow within an urban cluster of 10,000 to 49,999",1670,0,1377,18,0.0,0.013071895424836602,Urban
KS,O,"Metropolitan area core: primary flow within an urbanized area of 50,000 and greater",2630,0,2188,29,0.0,0.013254113345521023,Urban
KS,O,"Metropolitan area high commuting: primary flow 30% or more to a urbanized area of 50,000 and greater",292,0,292,1,0.0,0.003424657534246575,Urban
KS,O,"Micropolitan area core: primary flow within an urban cluster of 10,000 to 49,999",200,0,199,3,0.0,0.01507537688442211,Urban
KY,F,"Metropolitan area core: primary flow within an urbanized area of 50,000 and greater",4996,0,4479,54,0.0,0.012056262558606833,Urban
KY,F,"Micropolitan area core: primary flow within an urban cluster of 10,000 to 49,999",1157,0,1009,12,0.0,0.011892963330029732,Urban
KY,F,"Rural areas: primary flow to a tract outside a urbanized area of 50,000 and greater or UC",428,0,211,9,0.0,0.04265402843601896,Rural
KY,F,"Small town core: primary flow within an urban cluster of 2,500 to 9,999",165,0,165,3,0.0,0.01818181818181818,Rural
KY,O,"Metropolitan area core: primary flow within an urbanized area of 50,000 and greater",19445,0,19223,57,0.0,0.002965197939967747,Urban
KY,O,"Metropolitan area high commuting: primary flow 30% or more to a urbanized area of 50,000 and greater",253,0,253,1,0.0,0.003952569169960474,Urban
KY,O,"Micropolitan area core: primary flow within an urban cluster of 10,000 to 49,999",2960,0,2960,23,0.0,0.007770270270270271,Urban
KY,O,"Rural areas: primary flow to a tract outside a urbanized area of 50,000 and greater or UC",50,0,50,1,0.0,0.02,Rural
KY,O,"Small town core: primary flow within an urban cluster of 2,500 to 9,999",115,0,115,1,0.0,0.008695652173913044,Rural
LA,F,"Metropolitan area core: primary flow within an urbanized area of 50,000 and greater",16507,0,13583,131,0.0,0.009644408451741146,Urban
LA,F,"Micropolitan area core: primary flow within an urban cluster of 10,000 to 49,999",441,0,430,4,0.0,0.009302325581395349,Urban
LA,F,"Micropolitan high commuting: primary flow 30% or more to a urban cluster of 10,000 to 49,999",210,0,138,1,0.0,0.007246376811594203,Rural
LA,F,"Secondary flow 30% to <50% to a larger urbanized area of 50,000 and greater",1034,0,803,8,0.0,0.009962640099626401,Urban
LA,O,"Metropolitan area core: primary flow within an urbanized area of 50,000 and greater",4524,0,3954,44,0.0,0.01112797167425392,Urban
LA,O,"Metropolitan area high commuting: primary flow 30% or more to a urbanized area of 50,000 and greater",125,0,125,1,0.0,0.008,Urban
LA,O,"Micropolitan area core: primary flow within an urban cluster of 10,000 to 49,999",285,0,267,3,0.0,0.011235955056179775,Urban
LA,O,"Secondary flow 30% to <50% to a larger urbanized area of 50,000 and greater",286,0,129,4,0.0,0.031007751937984496,Urban
MA,F,"Metropolitan area core: primary flow within an urbanized area of 50,000 and greater",10758,0,10065,163,0.0,0.016194734227521112,Urban
MA,O,"Metropolitan area core: primary flow within an urbanized area of 50,000 and greater",12317,0,11096,123,0.0,0.01108507570295602,Urban
MA,O,"Metropolitan area high commuting: primary flow 30% or more to a urbanized area of 50,000 and greater",177,0,159,1,0.0,0.006289308176100629,Urban
MA,O,"Micropolitan area core: primary flow within an urban cluster of 10,000 to 49,999",23,0,23,1,0.0,0.043478260869565216,Urban
MD,F,"Metropolitan area core: primary flow within an urbanized area of 50,000 and greater",16996,0,14519,147,0.0,0.010124664233073902,Urban
MD,F,"Metropolitan area high commuting: primary flow 30% or more to a urbanized area of 50,000 and greater",2004,0,1638,15,0.0,0.009157509157509158,Urban
MD,F,"Micropolitan area core: primary flow within an urban cluster of 10,000 to 49,999",986,0,751,5,0.0,0.006657789613848202,Urban
MD,F,"Secondary flow 30% to <50% to a larger urbanized area of 50,000 and greater",1823,0,1489,17,0.0,0.011417058428475487,Urban
MD,F,"Small town core: primary flow within an urban cluster of 2,500 to 9,999",498,0,373,1,0.0,0.002680965147453083,Rural
MD,O,"Metropolitan area core: primary flow within an urbanized area of 50,000 and greater",5063,0,4528,72,0.0,0.015901060070671377,Urban
MD,O,"Metropolitan area high commuting: primary flow 30% or more to a urbanized area of 50,000 and greater",286,0,285,5,0.0,0.017543859649122806,Urban
MD,O,"Micropolitan area core: primary flow within an urban cluster of 10,000 to 49,999",731,0,404,4,0.0,0.009900990099009901,Urban
MD,O,"Secondary flow 30% to <50% to a larger urbanized area of 50,000 and greater",811,0,807,6,0.0,0.007434944237918215,Urban
ME,F,"Metropolitan area core: primary flow within an urbanized area of 50,000 and greater",750,0,680,16,0.0,0.023529411764705882,Urban
ME,F,"Small town core: primary flow within an urban cluster of 2,500 to 9,999",81,0,81,3,0.0,0.037037037037037035,Rural
ME,O,"Metropolitan area core: primary flow within an urbanized area of 50,000 and greater",1998,0,1961,19,0.0,0.009688934217236104,Urban
ME,O,"Micropolitan area core: primary flow within an urban cluster of 10,000 to 49,999",175,0,174,2,0.0,0.011494252873563218,Urban
MI,F,"Metropolitan area core: primary flow within an urbanized area of 50,000 and greater",5310,0,4693,117,0.0,0.024930747922437674,Urban
MI,F,"Metropolitan area high commuting: primary flow 30% or more to a urbanized area of 50,000 and greater",268,0,258,3,0.0,0.011627906976744186,Urban
MI,F,"Micropolitan area core: primary flow within an urban cluster of 10,000 to 49,999",1496,0,947,21,0.0,0.022175290390707498,Urban
MI,F,"Rural areas: primary flow to a tract outside a urbanized area of 50,000 and greater or UC",29,0,29,2,0.0,0.06896551724137931,Rural
MI,F,"Secondary flow 30% to <50% to a urban cluster of 10,000 to 49,999",35,0,11,1,0.0,0.09090909090909091,Urban
MI,F,"Small town core: primary flow within an urban cluster of 2,500 to 9,999",154,0,131,4,0.0,0.030534351145038167,Rural
MI,O,"Metropolitan area core: primary flow within an urbanized area of 50,000 and greater",13038,0,12679,140,0.0,0.011041880274469595,Urban
MI,O,"Micropolitan area core: primary flow within an urban cluster of 10,000 to 49,999",1168,0,1018,13,0.0,0.012770137524557957,Urban
MI,O,"Rural areas: primary flow to a tract outside a urbanized area of 50,000 and greater or UC",51,0,51,1,0.0,0.0196078431372549,Rural
MI,O,"Small town core: primary flow within an urban cluster of 2,500 to 9,999",505,0,504,4,0.0,0.007936507936507936,Rural
MN,F,"Metropolitan area core: primary flow within an urbanized area of 50,000 and greater",9734,0,9101,150,0.0,0.016481705307109108,Urban
MN,F,"Metropolitan area high commuting: primary flow 30% or more to a urbanized area of 50,000 and greater",51,0,51,2,0.0,0.0392156862745098,Urban
MN,F,"Micropolitan area core: primary flow within an urban cluster of 10,000 to 49,999",926,0,791,14,0.0,0.017699115044247787,Urban
MN,F,"Micropolitan high commuting: primary flow 30% or more to a urban cluster of 10,000 to 49,999",197,0,197,6,0.0,0.030456852791878174,Rural
MN,F,"Small town core: primary flow within an urban cluster of 2,500 to 9,999",252,0,252,3,0.0,0.011904761904761904,Rural
MN,O,"Metropolitan area core: primary flow within an urbanized area of 50,000 and greater",4431,0,4334,79,0.0,0.01822796492847254,Urban
MN,O,"Metropolitan area high commuting: primary flow 30% or more to a urbanized area of 50,000 and greater",29,0,29,1,0.0,0.034482758620689655,Urban
MN,O,"Micropolitan area core: primary flow within an urban cluster of 10,000 to 49,999",105,0,105,2,0.0,0.01904761904761905,Urban
MN,O,"Micropolitan high commuting: primary flow 30% or more to a urban cluster of 10,000 to 49,999",90,0,90,1,0.0,0.011111111111111112,Rural
MN,O,"Small town core: primary flow within an urban cluster of 2,500 to 9,999",14,0,14,1,0.0,0.07142857142857142,Rural
MO,F,"Metropolitan area core: primary flow within an urbanized area of 50,000 and greater",8885,0,8377,154,0.0,0.018383669571445625,Urban
MO,F,"Metropolitan area high commuting: primary flow 30% or more to a urbanized area of 50,000 and greater",921,0,767,8,0.0,0.010430247718383311,Urban
MO,F,"Micropolitan area core: primary flow within an urban cluster of 10,000 to 49,999",1587,0,1017,12,0.0,0.011799410029498525,Urban
MO,F,"Secondary flow 30% to <50% to a urbanized area of 50,000 and greater",73,0,71,2,0.0,0.028169014084507043,
MO,F,"Small town core: primary flow within an urban cluster of 2,500 to 9,999",65,0,65,2,0.0,0.03076923076923077,Rural
MO,O,"Metropolitan area core: primary flow within an urbanized area of 50,000 and greater",8945,0,8792,77,0.0,0.00875796178343949,Urban
MO,O,"Metropolitan area high commuting: primary flow 30% or more to a urbanized area of 50,000 and greater",203,0,168,2,0.0,0.011904761904761904,Urban
MO,O,"Micropolitan area core: primary flow within an urban cluster of 10,000 to 49,999",112,0,80,3,0.0,0.0375,Urban
MO,O,"Small town low commuting: primary flow 10% to <30% to a urban cluster of 2,500 to 9,999",518,0,518,1,0.0,0.0019305019305019305,Rural
MS,F,"Metropolitan area core: primary flow within an urbanized area of 50,000 and greater",7756,0,6310,47,0.0,0.007448494453248812,Urban
MS,F,"Metropolitan area high commuting: primary flow 30% or more to a urbanized area of 50,000 and greater",655,0,641,5,0.0,0.0078003120124804995,Urban
MS,F,"Micropolitan area core: primary flow within an urban cluster of 10,000 to 49,999",683,0,540,12,0.0,0.022222222222222223,Urban
MS,F,"Micropolitan high commuting: primary flow 30% or more to a urban cluster of 10,000 to 49,999",1969,0,1711,9,0.0,0.005260081823495032,Rural
MS,F,"Secondary flow 30% to <50% to a urban cluster of 10,000 to 49,999",748,0,600,4,0.0,0.006666666666666667,Urban
MS,F,"Small town high commuting: primary flow 30% or more to a urban cluster of 2,500 to 9,999",63,0,63,1,0.0,0.015873015873015872,Rural
MS,O,"Metropolitan area core: primary flow within an urbanized area of 50,000 and greater",920,0,874,11,0.0,0.012585812356979404,Urban
MS,O,"Metropolitan area high commuting: primary flow 30% or more to a urbanized area of 50,000 and greater",668,0,488,5,0.0,0.010245901639344262,Urban
MS,O,"Micropolitan area core: primary flow within an urban cluster of 10,000 to 49,999",2776,0,1462,13,0.0,0.008891928864569083,Urban
MS,O,"Micropolitan high commuting: primary flow 30% or more to a urban cluster of 10,000 to 49,999",995,0,683,4,0.0,0.005856515373352855,Rural
MS,O,"Secondary flow 30% to <50% to a urban cluster of 10,000 to 49,999",33,0,31,2,0.0,0.06451612903225806,Urban
MS,O,"Small town core: primary flow within an urban cluster of 2,500 to 9,999",175,0,175,1,0.0,0.005714285714285714,Rural
MT,F,"Metropolitan area core: primary flow within an urbanized area of 50,000 and greater",1634,0,1426,24,0.0,0.016830294530154277,Urban
MT,F,"Micropolitan area core: primary flow within an urban cluster of 10,000 to 49,999",672,0,618,14,0.0,0.022653721682847898,Urban
MT,F,"Small town core: primary flow within an urban cluster of 2,500 to 9,999",192,0,192,1,0.0,0.005208333333333333,Rural
MT,O,"Micropolitan area core: primary flow within an urban cluster of 10,000 to 49,999",335,0,335,5,0.0,0.014925373134328358,Urban
MT,O,"Micropolitan high commuting: primary flow 30% or more to a urban cluster of 10,000 to 49,999",40,0,40,1,0.0,0.025,Rural
NC,F,"Metropolitan area core: primary flow within an urbanized area of 50,000 and greater",7108,0,6748,122,0.0,0.018079430942501484,Urban
NC,F,"Micropolitan area core: primary flow within an urban cluster of 10,000 to 49,999",511,0,428,12,0.0,0.028037383177570093,Urban
NC,F,"Rural areas: primary flow to a tract outside a urbanized area of 50,000 and greater or UC",22,0,22,1,0.0,0.045454545454545456,Rural
NC,F,"Small town core: primary flow within an urban cluster of 2,500 to 9,999",231,0,231,1,0.0,0.004329004329004329,Rural
NC,O,"Metropolitan area core: primary flow within an urbanized area of 50,000 and greater",23642,0,22943,188,0.0,0.008194220459399382,Urban
NC,O,"Metropolitan area high commuting: primary flow 30% or more to a urbanized area of 50,000 and greater",1701,0,1634,5,0.0,0.0030599755201958386,Urban
NC,O,"Metropolitan area low commuting: primary flow 10% to <30% to a urbanized area of 50,000 and greater",522,0,381,2,0.0,0.005249343832020997,Urban
NC,O,"Micropolitan area core: primary flow within an urban cluster of 10,000 to 49,999",3960,0,3599,40,0.0,0.011114198388441235,Urban
NC,O,"Micropolitan high commuting: primary flow 30% or more to a urban cluster of 10,000 to 49,999",64,0,64,1,0.0,0.015625,Rural
NC,O,"Rural areas: primary flow to a tract outside a urbanized area of 50,000 and greater or UC",686,0,684,3,0.0,0.0043859649122807015,Rural
NC,O,"Small town core: primary flow within an urban cluster of 2,500 to 9,999",769,0,731,2,0.0,0.0027359781121751026,Rural
ND,F,"Metropolitan area core: primary flow within an urbanized area of 50,000 and greater",1484,0,1424,22,0.0,0.01544943820224719,Urban
ND,F,"Micropolitan area core: primary flow within an urban cluster of 10,000 to 49,999",58,0,58,3,0.0,0.05172413793103448,Urban
ND,O,"Metropolitan area core: primary flow within an urbanized area of 50,000 and greater",323,0,323,3,0.0,0.009287925696594427,Urban
ND,O,"Micropolitan area core: primary flow within an urban cluster of 10,000 to 49,999",127,0,127,2,0.0,0.015748031496062992,Urban
NE,F,"Metropolitan area core: primary flow within an urbanized area of 50,000 and greater",3756,0,2774,49,0.0,0.017664023071377072,Urban
NE,F,"Micropolitan area core: primary flow within an urban cluster of 10,000 to 49,999",1160,0,982,20,0.0,0.020366598778004074,Urban
NE,O,"Metropolitan area core: primary flow within an urbanized area of 50,000 and greater",6402,0,5939,36,0.0,0.006061626536453949,Urban
NE,O,"Micropolitan area core: primary flow within an urban cluster of 10,000 to 49,999",242,0,108,2,0.0,0.018518518518518517,Urban
NH,F,"Metropolitan area core: primary flow within an urbanized area of 50,000 and greater",1735,0,1637,33,0.0,0.020158827122785584,Urban
NH,F,"Metropolitan area low commuting: primary flow 10% to <30% to a urbanized area of 50,000 and greater",505,0,503,3,0.0,0.005964214711729622,Urban
NH,F,"Micropolitan area core: primary flow within an urban cluster of 10,000 to 49,999",1687,0,1681,24,0.0,0.014277215942891136,Urban
NH,F,"Small town core: primary flow within an urban cluster of 2,500 to 9,999",63,0,63,1,0.0,0.015873015873015872,Rural
NH,O,"Metropolitan area core: primary flow within an urbanized area of 50,000 and greater",3779,0,2732,29,0.0,0.01061493411420205,Urban
NH,O,"Micropolitan area core: primary flow within an urban cluster of 10,000 to 49,999",709,0,709,14,0.0,0.019746121297602257,Urban
NH,O,"Small town core: primary flow within an urban cluster of 2,500 to 9,999",106,0,106,1,0.0,0.009433962264150943,Rural
NJ,F,"Metropolitan area core: primary flow within an urbanized area of 50,000 and greater",9348,0,7713,162,0.0,0.021003500583430573,Urban
NJ,F,"Metropolitan area high commuting: primary flow 30% or more to a urbanized area of 50,000 and greater",182,0,157,2,0.0,0.012738853503184714,Urban
NJ,F,"Micropolitan area core: primary flow within an urban cluster of 10,000 to 49,999",89,0,89,2,0.0,0.02247191011235955,Urban
NJ,O,"Metropolitan area core: primary flow within an urbanized area of 50,000 and greater",17940,0,17255,132,0.0,0.007649956534337873,Urban
NJ,O,"Metropolitan area high commuting: primary flow 30% or more to a urbanized area of 50,000 and greater",175,0,170,2,0.0,0.011764705882352941,Urban
NJ,O,"Micropolitan area core: primary flow within an urban cluster of 10,000 to 49,999",28,0,28,1,0.0,0.03571428571428571,Urban
NM,F,"Metropolitan area core: primary flow within an urbanized area of 50,000 and greater",2743,0,2281,24,0.0,0.01052170100832968,Urban
NM,F,"Micropolitan area core: primary flow within an urban cluster of 10,000 to 49,999",382,0,371,4,0.0,0.01078167115902965,Urban
NM,O,"Metropolitan area core: primary flow within an urbanized area of 50,000 and greater",3171,0,2896,29,0.0,0.010013812154696133,Urban
NM,O,"Metropolitan area high commuting: primary flow 30% or more to a urbanized area of 50,000 and greater",50,0,49,1,0.0,0.02040816326530612,Urban
NV,F,"Metropolitan area core: primary flow within an urbanized area of 50,000 and greater",6366,0,5140,66,0.0,0.012840466926070038,Urban
NV,F,"Micropolitan area core: primary flow within an urban cluster of 10,000 to 49,999",22,0,14,1,0.0,0.07142857142857142,Urban
NV,O,"Metropolitan area core: primary flow within an urbanized area of 50,000 and greater",4591,0,4141,56,0.0,0.013523303549867182,Urban
NV,O,"Micropolitan area core: primary flow within an urban cluster of 10,000 to 49,999",60,0,60,2,0.0,0.03333333333333333,Urban
NY,F,"Metropolitan area core: primary flow within an urbanized area of 50,000 and greater",13098,0,11570,168,0.0,0.014520311149524633,Urban
NY,F,"Metropolitan area high commuting: primary flow 30% or more to a urbanized area of 50,000 and greater",45,0,41,1,0.0,0.024390243902439025,Urban
NY,F,"Micropolitan area core: primary flow within an urban cluster of 10,000 to 49,999",1145,0,1037,18,0.0,0.017357762777242044,Urban
NY,F,"Secondary flow 30% to <50% to a larger urbanized area of 50,000 and greater",307,0,307,2,0.0,0.006514657980456026,Urban
NY,F,"Secondary flow 30% to <50% to a urbanized area of 50,000 and greater",232,0,218,4,0.0,0.01834862385321101,
NY,F,"Small town core: primary flow within an urban cluster of 2,500 to 9,999",48,0,48,3,0.0,0.0625,Rural
NY,O,"Metropolitan area core: primary flow within an urbanized area of 50,000 and greater",43660,0,42772,294,0.0,0.006873655662582998,Urban
NY,O,"Metropolitan area high commuting: primary flow 30% or more to a urbanized area of 50,000 and greater",22,0,22,1,0.0,0.045454545454545456,Urban
NY,O,"Micropolitan area core: primary flow within an urban cluster of 10,000 to 49,999",19,0,19,1,0.0,0.05263157894736842,Urban
NY,O,"Rural areas: primary flow to a tract outside a urbanized area of 50,000 and greater or UC",239,0,236,4,0.0,0.01694915254237288,Rural
NY,O,"Secondary flow 30% to <50% to a larger urbanized area of 50,000 and greater",76,0,76,1,0.0,0.013157894736842105,Urban
NY,O,"Secondary flow 30% to <50% to a urbanized area of 50,000 and greater",250,0,250,2,0.0,0.008,
NY,O,"Small town core: primary flow within an urban cluster of 2,500 to 9,999",81,0,81,3,0.0,0.037037037037037035,Rural
OH,F,"Metropolitan area core: primary flow within an urbanized area of 50,000 and greater",12581,0,11681,197,0.0,0.016864994435407926,Urban
OH,F,"Metropolitan area high commuting: primary flow 30% or more to a urbanized area of 50,000 and greater",24,0,24,1,0.0,0.041666666666666664,Urban
OH,F,"Micropolitan area core: primary flow within an urban cluster of 10,000 to 49,999",4644,0,4456,35,0.0,0.007854578096947935,Urban
OH,F,"Secondary flow 30% to <50% to a larger urbanized area of 50,000 and greater",71,0,71,2,0.0,0.028169014084507043,Urban
OH,F,"Secondary flow 30% to <50% to a urbanized area of 50,000 and greater",107,0,107,3,0.0,0.028037383177570093,
OH,F,"Small town core: primary flow within an urban cluster of 2,500 to 9,999",323,0,323,9,0.0,0.02786377708978328,Rural
OH,O,"Metropolitan area core: primary flow within an urbanized area of 50,000 and greater",15594,0,14864,127,0.0,0.008544133476856836,Urban
OH,O,"Metropolitan area high commuting: primary flow 30% or more to a urbanized area of 50,000 and greater",178,0,178,1,0.0,0.0056179775280898875,Urban
OH,O,"Micropolitan area core: primary flow within an urban cluster of 10,000 to 49,999",1067,0,1051,5,0.0,0.004757373929590866,Urban
OH,O,"Secondary flow 30% to <50% to a larger urbanized area of 50,000 and greater",507,0,506,4,0.0,0.007905138339920948,Urban
OH,O,"Small town core: primary flow within an urban cluster of 2,500 to 9,999",78,0,78,1,0.0,0.01282051282051282,Rural
OK,F,"Metropolitan area core: primary flow within an urbanized area of 50,000 and greater",9571,0,6842,77,0.0,0.011254019292604502,Urban
OK,F,"Micropolitan area core: primary flow within an urban cluster of 10,000 to 49,999",557,0,509,11,0.0,0.021611001964636542,Urban
OK,F,"Secondary flow 30% to <50% to a larger urbanized area of 50,000 and greater",132,0,121,6,0.0,0.049586776859504134,Urban
OK,F,"Secondary flow 30% to <50% to a urbanized area of 50,000 and greater",39,0,39,1,0.0,0.02564102564102564,
OK,F,"Small town core: primary flow within an urban cluster of 2,500 to 9,999",15,0,15,1,0.0,0.06666666666666667,Rural
OK,O,"Metropolitan area core: primary flow within an urbanized area of 50,000 and greater",11082,0,9843,59,0.0,0.005994107487554607,Urban
OK,O,"Micropolitan area core: primary flow within an urban cluster of 10,000 to 49,999",723,0,681,5,0.0,0.007342143906020558,Urban
OK,O,"Secondary flow 30% to <50% to a larger urbanized area of 50,000 and greater",425,0,425,5,0.0,0.011764705882352941,Urban
OR,F,"Metropolitan area core: primary flow within an urbanized area of 50,000 and greater",6529,0,5509,76,0.0,0.01379560718823743,Urban
OR,F,"Micropolitan area core: primary flow within an urban cluster of 10,000 to 49,999",380,0,248,8,0.0,0.03225806451612903,Urban
OR,F,"Secondary flow 30% to <50% to a urban cluster of 10,000 to 49,999",291,0,290,1,0.0,0.0034482758620689655,Urban
OR,O,"Metropolitan area core: primary flow within an urbanized area of 50,000 and greater",4055,0,3633,62,0.0,0.01706578585191302,Urban
OR,O,"Metropolitan area high commuting: primary flow 30% or more to a urbanized area of 50,000 and greater",29,0,29,1,0.0,0.034482758620689655,Urban
OR,O,"Micropolitan area core: primary flow within an urban cluster of 10,000 to 49,999",506,0,356,4,0.0,0.011235955056179775,Urban
OR,O,"Secondary flow 30% to <50% to a urbanized area of 50,000 and greater",86,0,86,1,0.0,0.011627906976744186,
PA,F,"Metropolitan area core: primary flow within an urbanized area of 50,000 and greater",15794,0,13633,257,0.0,0.018851316658109,Urban
PA,F,"Metropolitan area high commuting: primary flow 30% or more to a urbanized area of 50,000 and greater",289,0,265,8,0.0,0.03018867924528302,Urban
PA,F,"Micropolitan area core: primary flow within an urban cluster of 10,000 to 49,999",2623,0,1197,21,0.0,0.017543859649122806,Urban
PA,F,"Micropolitan high commuting: primary flow 30% or more to a urban cluster of 10,000 to 49,999",295,0,261,3,0.0,0.011494252873563218,Rural
PA,F,"Secondary flow 30% to <50% to a larger urbanized area of 50,000 and greater",30,0,30,1,0.0,0.03333333333333333,Urban
PA,F,"Secondary flow 30% to <50% to a urbanized area of 50,000 and greater",72,0,30,1,0.0,0.03333333333333333,
PA,F,"Small town core: primary flow within an urban cluster of 2,500 to 9,999",152,0,118,2,0.0,0.01694915254237288,Rural
PA,O,"Metropolitan area core: primary flow within an urbanized area of 50,000 and greater",12960,0,11873,148,0.0,0.012465257306493725,Urban
PA,O,"Metropolitan area high commuting: primary flow 30% or more to a urbanized area of 50,000 and greater",2217,0,2141,4,0.0,0.0018682858477347033,Urban
PA,O,"Micropolitan area core: primary flow within an urban cluster of 10,000 to 49,999",371,0,300,7,0.0,0.023333333333333334,Urban
PA,O,"Micropolitan high commuting: primary flow 30% or more to a urban cluster of 10,000 to 49,999",358,0,302,1,0.0,0.0033112582781456954,Rural
PA,O,"Small town core: primary flow within an urban cluster of 2,500 to 9,999",53,0,53,1,0.0,0.018867924528301886,Rural
PR,O,"Metropolitan area core: primary flow within an urbanized area of 50,000 and greater",3291,0,3251,6,0.0,0.001845585973546601,Urban
RI,F,"Metropolitan area core: primary flow within an urbanized area of 50,000 and greater",1197,0,1042,15,0.0,0.014395393474088292,Urban
RI,O,"Metropolitan area core: primary flow within an urbanized area of 50,000 and greater",449,0,395,12,0.0,0.030379746835443037,Urban
SC,F,"Metropolitan area core: primary flow within an urbanized area of 50,000 and greater",6554,0,5373,68,0.0,0.012655871952354365,Urban
SC,F,"Metropolitan area high commuting: primary flow 30% or more to a urbanized area of 50,000 and greater",266,0,264,6,0.0,0.022727272727272728,Urban
SC,F,"Micropolitan area core: primary flow within an urban cluster of 10,000 to 49,999",455,0,442,11,0.0,0.024886877828054297,Urban
SC,F,"Micropolitan high commuting: primary flow 30% or more to a urban cluster of 10,000 to 49,999",95,0,66,2,0.0,0.030303030303030304,Rural
SC,F,"Secondary flow 30% to <50% to a larger urbanized area of 50,000 and greater",15,0,15,1,0.0,0.06666666666666667,Urban
SC,F,"Small town core: primary flow within an urban cluster of 2,500 to 9,999",22,0,22,1,0.0,0.045454545454545456,Rural
SC,O,"Metropolitan area core: primary flow within an urbanized area of 50,000 and greater",18191,0,16894,114,0.0,0.006747957854859713,Urban
SC,O,"Metropolitan area high commuting: primary flow 30% or more to a urbanized area of 50,000 and greater",3539,0,3539,8,0.0,0.0022605255721955355,Urban
SC,O,"Micropolitan area core: primary flow within an urban cluster of 10,000 to 49,999",1244,0,1120,7,0.0,0.00625,Urban
SC,O,"Micropolitan high commuting: primary flow 30% or more to a urban cluster of 10,000 to 49,999",23,0,23,1,0.0,0.043478260869565216,Rural
SC,O,"Secondary flow 30% to <50% to a larger urbanized area of 50,000 and greater",429,0,422,2,0.0,0.004739336492890996,Urban
SC,O,"Small town core: primary flow within an urban cluster of 2,500 to 9,999",274,0,274,1,0.0,0.0036496350364963502,Rural
SD,F,"Metropolitan area core: primary flow within an urbanized area of 50,000 and greater",2406,0,2260,29,0.0,0.012831858407079646,Urban
SD,F,"Micropolitan area core: primary flow within an urban cluster of 10,000 to 49,999",500,0,371,12,0.0,0.03234501347708895,Urban
SD,O,"Metropolitan area core: primary flow within an urbanized area of 50,000 and greater",372,0,370,2,0.0,0.005405405405405406,Urban
SD,O,"Micropolitan area core: primary flow within an urban cluster of 10,000 to 49,999",147,0,101,3,0.0,0.0297029702970297,Urban
TN,F,"Metropolitan area core: primary flow within an urbanized area of 50,000 and greater",12839,0,10367,124,0.0,0.011961030191955243,Urban
TN,F,"Metropolitan area high commuting: primary flow 30% or more to a urbanized area of 50,000 and greater",48,0,25,1,0.0,0.04,Urban
TN,F,"Micropolitan area core: primary flow within an urban cluster of 10,000 to 49,999",1397,0,1262,13,0.0,0.010301109350237718,Urban
TN,F,"Secondary flow 30% to <50% to a larger urbanized area of 50,000 and greater",672,0,514,4,0.0,0.007782101167315175,Urban
TN,O,"Metropolitan area core: primary flow within an urbanized area of 50,000 and greater",8975,0,8253,83,0.0,0.010056948988246698,Urban
TN,O,"Micropolitan area core: primary flow within an urban cluster of 10,000 to 49,999",1544,0,1540,12,0.0,0.007792207792207792,Urban
TN,O,"Rural areas: primary flow to a tract outside a urbanized area of 50,000 and greater or UC",74,0,74,1,0.0,0.013513513513513514,Rural
TN,O,"Secondary flow 30% to <50% to a larger urbanized area of 50,000 and greater",370,0,370,3,0.0,0.008108108108108109,Urban
TN,O,"Secondary flow 30% to <50% to a urbanized area of 50,000 and greater",72,0,72,1,0.0,0.013888888888888888,
TX,F,"Metropolitan area core: primary flow within an urbanized area of 50,000 and greater",41757,0,35374,437,0.0,0.01235370611183355,Urban
TX,F,"Metropolitan area high commuting: primary flow 30% or more to a urbanized area of 50,000 and greater",1124,0,1006,14,0.0,0.013916500994035786,Urban
TX,F,"Micropolitan area core: primary flow within an urban cluster of 10,000 to 49,999",3848,0,3128,34,0.0,0.010869565217391304,Urban
TX,F,"Secondary flow 30% to <50% to a larger urbanized area of 50,000 and greater",2140,0,1825,24,0.0,0.01315068493150685,Urban
TX,F,"Secondary flow 30% to <50% to a urbanized area of 50,000 and greater",327,0,295,7,0.0,0.023728813559322035,
TX,F,"Small town core: primary flow within an urban cluster of 2,500 to 9,999",140,0,137,2,0.0,0.014598540145985401,Rural
TX,O,"Metropolitan area core: primary flow within an urbanized area of 50,000 and greater",51988,0,48745,382,0.0,0.00783670120012309,Urban
TX,O,"Metropolitan area high commuting: primary flow 30% or more to a urbanized area of 50,000 and greater",3135,0,2733,20,0.0,0.007317965605561654,Urban
TX,O,"Micropolitan area core: primary flow within an urban cluster of 10,000 to 49,999",1391,0,1371,22,0.0,0.016046681254558718,Urban
TX,O,"Secondary flow 30% to <50% to a larger urbanized area of 50,000 and greater",2921,0,2593,24,0.0,0.009255688391824142,Urban
TX,O,"Secondary flow 30% to <50% to a urbanized area of 50,000 and greater",516,0,394,4,0.0,0.01015228426395939,
TX,O,"Small town core: primary flow within an urban cluster of 2,500 to 9,999",1089,0,1061,3,0.0,0.002827521206409048,Rural
TX,O,"Small town high commuting: primary flow 30% or more to a urban cluster of 2,500 to 9,999",47,0,47,1,0.0,0.02127659574468085,Rural
UT,F,"Metropolitan area core: primary flow within an urbanized area of 50,000 and greater",2714,0,2648,39,0.0,0.01472809667673716,Urban
UT,F,"Secondary flow 30% to <50% to a urbanized area of 50,000 and greater",33,0,33,2,0.0,0.06060606060606061,
UT,F,"Small town core: primary flow within an urban cluster of 2,500 to 9,999",319,0,319,5,0.0,0.01567398119122257,Rural
UT,O,"Metropolitan area core: primary flow within an urbanized area of 50,000 and greater",12146,0,11376,80,0.0,0.007032348804500703,Urban
UT,O,"Micropolitan area core: primary flow within an urban cluster of 10,000 to 49,999",318,0,318,3,0.0,0.009433962264150943,Urban
UT,O,"Small town core: primary flow within an urban cluster of 2,500 to 9,999",199,0,198,1,0.0,0.005050505050505051,Rural
VA,F,"Metropolitan area core: primary flow within an urbanized area of 50,000 and greater",4993,0,4840,91,0.0,0.018801652892561985,Urban
VA,F,"Metropolitan area high commuting: primary flow 30% or more to a urbanized area of 50,000 and greater",119,0,107,1,0.0,0.009345794392523364,Urban
VA,F,"Micropolitan area core: primary flow within an urban cluster of 10,000 to 49,999",122,0,122,1,0.0,0.00819672131147541,Urban
VA,F,"Secondary flow 30% to <50% to a larger urbanized area of 50,000 and greater",79,0,79,5,0.0,0.06329113924050633,Urban
VA,F,"Small town core: primary flow within an urban cluster of 2,500 to 9,999",62,0,62,1,0.0,0.016129032258064516,Rural
VA,O,"Metropolitan area core: primary flow within an urbanized area of 50,000 and greater",29381,0,28533,171,0.0,0.005993060666596573,Urban
VA,O,"Metropolitan area high commuting: primary flow 30% or more to a urbanized area of 50,000 and greater",1577,0,1561,3,0.0,0.0019218449711723255,Urban
VA,O,"Micropolitan area core: primary flow within an urban cluster of 10,000 to 49,999",207,0,207,4,0.0,0.01932367149758454,Urban
VA,O,"Secondary flow 30% to <50% to a larger urbanized area of 50,000 and greater",1799,0,1736,12,0.0,0.0069124423963133645,Urban
VA,O,"Small town core: primary flow within an urban cluster of 2,500 to 9,999",49,0,49,1,0.0,0.02040816326530612,Rural
VT,F,"Metropolitan area core: primary flow within an urbanized area of 50,000 and greater",619,0,619,9,0.0,0.014539579967689823,Urban
VT,F,"Metropolitan area high commuting: primary flow 30% or more to a urbanized area of 50,000 and greater",27,0,27,1,0.0,0.037037037037037035,Urban
VT,F,"Micropolitan area core: primary flow within an urban cluster of 10,000 to 49,999",83,0,83,3,0.0,0.03614457831325301,Urban
VT,F,"Secondary flow 30% to <50% to a urbanized area of 50,000 and greater",17,0,17,1,0.0,0.058823529411764705,
VT,F,"Small town core: primary flow within an urban cluster of 2,500 to 9,999",271,0,146,3,0.0,0.02054794520547945,Rural
VT,O,"Metropolitan area core: primary flow within an urbanized area of 50,000 and greater",397,0,396,6,0.0,0.015151515151515152,Urban
VT,O,"Micropolitan area core: primary flow within an urban cluster of 10,000 to 49,999",91,0,91,1,0.0,0.01098901098901099,Urban
VT,O,"Rural areas: primary flow to a tract outside a urbanized area of 50,000 and greater or UC",89,0,89,1,0.0,0.011235955056179775,Rural
WA,F,"Metropolitan area core: primary flow within an urbanized area of 50,000 and greater",9492,0,8140,128,0.0,0.015724815724815724,Urban
WA,F,"Metropolitan area high commuting: primary flow 30% or more to a urbanized area of 50,000 and greater",46,0,46,2,0.0,0.043478260869565216,Urban
WA,F,"Micropolitan area core: primary flow within an urban cluster of 10,000 to 49,999",178,0,138,4,0.0,0.028985507246376812,Urban
WA,O,"Metropolitan area core: primary flow within an urbanized area of 50,000 and greater",6708,0,6343,109,0.0,0.017184297650953806,Urban
WA,O,"Metropolitan area high commuting: primary flow 30% or more to a urbanized area of 50,000 and greater",33,0,33,2,0.0,0.06060606060606061,Urban
WA,O,"Micropolitan area core: primary flow within an urban cluster of 10,000 to 49,999",167,0,167,2,0.0,0.011976047904191617,Urban
WI,F,"Metropolitan area core: primary flow within an urbanized area of 50,000 and greater",9961,0,9306,182,0.0,0.01955727487642381,Urban
WI,F,"Metropolitan area high commuting: primary flow 30% or more to a urbanized area of 50,000 and greater",26,0,17,1,0.0,0.058823529411764705,Urban
WI,F,"Micropolitan area core: primary flow within an urban cluster of 10,000 to 49,999",1037,0,949,17,0.0,0.01791359325605901,Urban
WI,F,"Rural areas: primary flow to a tract outside a urbanized area of 50,000 and greater or UC",67,0,67,2,0.0,0.029850746268656716,Rural
WI,F,"Secondary flow 30% to <50% to a larger urbanized area of 50,000 and greater",461,0,432,7,0.0,0.016203703703703703,Urban
WI,F,"Small town core: primary flow within an urban cluster of 2,500 to 9,999",38,0,38,1,0.0,0.02631578947368421,Rural
WI,O,"Metropolitan area core: primary flow within an urbanized area of 50,000 and greater",4829,0,4574,71,0.0,0.015522518583296896,Urban
WI,O,"Micropolitan area core: primary flow within an urban cluster of 10,000 to 49,999",378,0,378,4,0.0,0.010582010582010581,Urban
WI,O,"Secondary flow 30% to <50% to a larger urbanized area of 50,000 and greater",243,0,243,4,0.0,0.01646090534979424,Urban
WI,O,"Small town core: primary flow within an urban cluster of 2,500 to 9,999",126,0,104,2,0.0,0.019230769230769232,Rural
WV,F,"Metropolitan area core: primary flow within an urbanized area of 50,000 and greater",2966,0,2834,32,0.0,0.011291460832745237,Urban
WV,F,"Micropolitan area core: primary flow within an urban cluster of 10,000 to 49,999",844,0,841,4,0.0,0.0047562425683709865,Urban
WV,O,"Metropolitan area core: primary flow within an urbanized area of 50,000 and greater",1111,0,917,7,0.0,0.007633587786259542,Urban
WV,O,"Micropolitan area core: primary flow within an urban cluster of 10,000 to 49,999",65,0,62,1,0.0,0.016129032258064516,Urban
WY,F,"Metropolitan area core: primary flow within an urbanized area of 50,000 and greater",568,0,451,6,0.0,0.013303769401330377,Urban
WY,F,"Micropolitan area core: primary flow within an urban cluster of 10,000 to 49,999",189,0,167,7,0.0,0.041916167664670656,Urban
WY,F,"Rural areas: primary flow to a tract outside a urbanized area of 50,000 and greater or UC",41,0,41,1,0.0,0.024390243902439025,Rural
WY,F,"Small town core: primary flow within an urban cluster of 2,500 to 9,999",99,0,88,4,0.0,0.045454545454545456,Rural
WY,O,"Metropolitan area core: primary flow within an urbanized area of 50,000 and greater",18,0,18,1,0.0,0.05555555555555555,Urban
WY,O,"Micropolitan area core: primary flow within an urban cluster of 10,000 to 49,999",143,0,143,4,0.0,0.027972027972027972,Urban
WY,O,"Small town core: primary flow within an urban cluster of 2,500 to 9,999",48,0,48,1,0.0,0.020833333333333332,Rural
