Rndrng_Prvdr_State_Abrvtn,Rndrng_Prvdr_RUCA_Desc,Total_Providers,Total_Beneficiaries,Avg_Allowed_Amt,Opportunity_Index
AK,"Metropolitan area core: primary flow within an urbanized area of 50,000 and greater",21,713,249.09437403216668,45.81401781105556
AK,"Metropolitan area high commuting: primary flow 30% or more to a urbanized area of 50,000 and greater",2,59,339.5691025625,199.28455128125
AK,"Micropolitan area core: primary flow within an urban cluster of 10,000 to 49,999",1,18,134.86090909,152.86090909
AK,"Secondary flow 30% to <50% to a urbanized area of 50,000 and greater",4,305,406.05734585727276,177.7643364643182
AK,"Small town core: primary flow within an urban cluster of 2,500 to 9,999",1,123,36.211041667,159.21104166700002
AL,"Metropolitan area core: primary flow within an urbanized area of 50,000 and greater",98,6383,232.76692999795654,67.50782581630567
AL,"Metropolitan area high commuting: primary flow 30% or more to a urbanized area of 50,000 and greater",6,283,152.59679858592307,72.59946643098718
AL,"Micropolitan area core: primary flow within an urban cluster of 10,000 to 49,999",4,125,216.43019299250003,85.357548248125
AL,"Micropolitan high commuting: primary flow 30% or more to a urban cluster of 10,000 to 49,999",1,31,434.048872545,465.048872545
AL,"Rural areas: primary flow to a tract outside a urbanized area of 50,000 and greater or UC",2,147,124.66770784600001,135.833853923
AL,"Secondary flow 30% to <50% to a larger urbanized area of 50,000 and greater",6,756,349.2677294161111,184.2112882360185
AL,"Secondary flow 30% to <50% to a urbanized area of 50,000 and greater",1,29,151.179595588,180.179595588
AL,"Small town core: primary flow within an urban cluster of 2,500 to 9,999",2,50,121.71202797100001,85.8560139855
AL,Unknown,4,467,294.28837803275,190.3220945081875
AR,"Metropolitan area core: primary flow within an urbanized area of 50,000 and greater",117,12248,244.77987577862802,106.7758963741763
AR,"Metropolitan area high commuting: primary flow 30% or more to a urbanized area of 50,000 and greater",1,78,124.184858975,202.184858975
AR,"Micropolitan area core: primary flow within an urban cluster of 10,000 to 49,999",16,997,184.00086398597145,73.81255399912321
AR,"Micropolitan high commuting: primary flow 30% or more to a urban cluster of 10,000 to 49,999",1,68,584.879982455,652.879982455
AR,"Rural areas: primary flow to a tract outside a urbanized area of 50,000 and greater or UC",1,88,126.403609831,214.40360983099998
AR,"Small town core: primary flow within an urban cluster of 2,500 to 9,999",3,86,193.6115377755,93.20384592516666
AZ,"Metropolitan area core: primary flow within an urbanized area of 50,000 and greater",309,34396,274.4947793079323,112.2022484767247
AZ,"Metropolitan area high commuting: primary flow 30% or more to a urbanized area of 50,000 and greater",6,625,286.86218510683335,151.9770308511389
AZ,"Micropolitan area core: primary flow within an urban cluster of 10,000 to 49,999",9,338,282.81447744335713,68.97938638259524
AZ,"Secondary flow 30% to <50% to a urban cluster of 10,000 to 49,999",2,130,92.789671237,111.3948356185
AZ,"Small town core: primary flow within an urban cluster of 2,500 to 9,999",1,132,177.19256002275,309.19256002275
CA,"Metropolitan area core: primary flow within an urbanized area of 50,000 and greater",776,49719,289.6294988541034,64.4441101789357
CA,"Metropolitan area high commuting: primary flow 30% or more to a urbanized area of 50,000 and greater",10,380,330.9719258319444,71.09719258319444
CA,"Metropolitan area low commuting: primary flow 10% to <30% to a urbanized area of 50,000 and greater",1,24,398.9196,422.9196
CA,"Micropolitan area core: primary flow within an urban cluster of 10,000 to 49,999",10,666,192.5238054879,85.85238054879001
CA,"Secondary flow 30% to <50% to a larger urbanized area of 50,000 and greater",21,1366,295.9887768064412,79.14232270506862
CA,"Secondary flow 30% to <50% to a urban cluster of 10,000 to 49,999",2,36,27.160753622999998,31.5803768115
CA,"Secondary flow 30% to <50% to a urbanized area of 50,000 and greater",4,92,63.2963030296,38.824075757399996
CA,"Small town core: primary flow within an urban cluster of 2,500 to 9,999",3,51,98.31619815100001,49.772066050333336
CO,"Metropolitan area core: primary flow within an urbanized area of 50,000 and greater",153,9316,277.3177717360531,62.70142334468008
CO,"Metropolitan area high commuting: primary flow 30% or more to a urbanized area of 50,000 and greater",1,51,161.46379731566665,212.46379731566665
CO,"Micropolitan area core: primary flow within an urban cluster of 10,000 to 49,999",16,757,308.106934973375,66.56918343583594
CO,"Micropolitan high commuting: primary flow 30% or more to a urban cluster of 10,000 to 49,999",3,109,90.3486107534,66.4495369178
CO,"Rural areas: primary flow to a tract outside a urbanized area of 50,000 and greater or UC",1,20,154.36125,174.36125
CO,"Small town core: primary flow within an urban cluster of 2,500 to 9,999",4,153,204.42929547088886,89.35732386772222
CO,"Small town high commuting: primary flow 30% or more to a urban cluster of 2,500 to 9,999",2,34,96.5945945945,65.29729729725
CT,"Metropolitan area core: primary flow within an urbanized area of 50,000 and greater",88,4526,299.25889678974,54.832487463519776
CT,"Metropolitan area high commuting: primary flow 30% or more to a urbanized area of 50,000 and greater",5,116,126.950644388,48.5901288776
CT,"Micropolitan area core: primary flow within an urban cluster of 10,000 to 49,999",1,32,127.33,159.32999999999998
DC,"Metropolitan area core: primary flow within an urbanized area of 50,000 and greater",16,565,236.03214825783334,50.064509266114584
DE,"Metropolitan area core: primary flow within an urbanized area of 50,000 and greater",36,2924,267.2795415607667,88.64665393224351
DE,"Micropolitan area core: primary flow within an urban cluster of 10,000 to 49,999",2,163,283.717505726,223.358752863
DE,"Micropolitan high commuting: primary flow 30% or more to a urban cluster of 10,000 to 49,999",3,199,284.763328454,161.254442818
DE,"Small town core: primary flow within an urban cluster of 2,500 to 9,999",2,182,242.79349331842857,212.39674665921427
FL,"Metropolitan area core: primary flow within an urbanized area of 50,000 and greater",862,80850,285.13889568256536,94.12429106227677
FL,"Metropolitan area high commuting: primary flow 30% or more to a urbanized area of 50,000 and greater",26,1629,276.6700114073617,73.29500043874468
FL,"Micropolitan area core: primary flow within an urban cluster of 10,000 to 49,999",5,283,259.8935564879231,108.57871129758462
FL,"Secondary flow 30% to <50% to a larger urbanized area of 50,000 and greater",27,3104,325.5403624713333,127.0200134248642
FL,"Secondary flow 30% to <50% to a urbanized area of 50,000 and greater",3,306,313.7885095085715,206.59616983619048
FL,"Small town low commuting: primary flow 10% to <30% to a urban cluster of 2,500 to 9,999",2,111,111.14466614,111.07233307
GA,"Metropolitan area core: primary flow within an urbanized area of 50,000 and greater",383,27986,249.743428009838,73.72256769715362
GA,"Metropolitan area high commuting: primary flow 30% or more to a urbanized area of 50,000 and greater",14,675,313.0271182641818,70.5733655902987
GA,"Metropolitan area low commuting: primary flow 10% to <30% to a urbanized area of 50,000 and greater",1,22,113.31074405,135.31074404999998
GA,"Micropolitan area core: primary flow within an urban cluster of 10,000 to 49,999",29,1268,267.85193896701753,52.960411688517844
GA,"Micropolitan low commuting: primary flow 10% to <30% to a urban cluster of 10,000 to 49,999",1,144,142.2882947115,286.2882947115
GA,"Rural areas: primary flow to a tract outside a urbanized area of 50,000 and greater or UC",1,187,146.82089552480002,333.8208955248
GA,"Secondary flow 30% to <50% to a urbanized area of 50,000 and greater",6,386,250.28839306485716,106.04806551080952
GA,"Small town core: primary flow within an urban cluster of 2,500 to 9,999",4,444,279.4072729379091,180.85181823447726
GU,Unknown,2,57,301.2798234433333,179.13991172166666
HI,"Metropolitan area core: primary flow within an urbanized area of 50,000 and greater",3,57,304.802351514,120.600783838
HI,"Metropolitan area high commuting: primary flow 30% or more to a urbanized area of 50,000 and greater",1,34,557.842777775,591.842777775
HI,"Micropolitan area core: primary flow within an urban cluster of 10,000 to 49,999",1,25,291.46629902,316.46629902
IA,"Metropolitan area core: primary flow within an urbanized area of 50,000 and greater",88,6236,185.60149136693818,72.97274422007884
IA,"Micropolitan area core: primary flow within an urban cluster of 10,000 to 49,999",14,498,102.47409277822221,42.89100662701588
IA,"Rural areas: primary flow to a tract outside a urbanized area of 50,000 and greater or UC",1,19,25.283225806,44.283225806000004
IA,"Secondary flow 30% to <50% to a urbanized area of 50,000 and greater",1,91,104.91846232500001,195.918462325
IA,"Small town core: primary flow within an urban cluster of 2,500 to 9,999",4,169,37.32146981425,51.5803674535625
ID,"Metropolitan area core: primary flow within an urbanized area of 50,000 and greater",52,2654,160.11762156626318,54.11764656858198
ID,"Micropolitan area core: primary flow within an urban cluster of 10,000 to 49,999",12,511,237.34005981595237,62.36167165132937
ID,"Secondary flow 30% to <50% to a larger urbanized area of 50,000 and greater",13,786,218.6290722588889,77.2791594045299
ID,"Small town core: primary flow within an urban cluster of 2,500 to 9,999",1,27,21.77,48.769999999999996
IL,"Metropolitan area core: primary flow within an urbanized area of 50,000 and greater",395,31287,214.86541290828265,79.75155800736275
IL,"Metropolitan area high commuting: primary flow 30% or more to a urbanized area of 50,000 and greater",5,92,55.6759689124,29.53519378248
IL,"Micropolitan area core: primary flow within an urban cluster of 10,000 to 49,999",20,1666,173.13947752965,91.95697387648251
IL,"Secondary flow 30% to <50% to a larger urbanized area of 50,000 and greater",3,321,298.77440176162503,206.59146725387504
IL,"Secondary flow 30% to <50% to a urbanized area of 50,000 and greater",5,252,219.14368738211112,94.22873747642222
IL,"Small town core: primary flow within an urban cluster of 2,500 to 9,999",4,82,104.05564359,46.5139108975
IN,"Metropolitan area core: primary flow within an urbanized area of 50,000 and greater",251,13636,213.81296548443763,55.17853771109338
IN,"Micropolitan area core: primary flow within an urban cluster of 10,000 to 49,999",15,545,124.2291193150909,44.61527462100606
IN,"Micropolitan high commuting: primary flow 30% or more to a urban cluster of 10,000 to 49,999",1,45,107.40688889,152.40688889
IN,"Secondary flow 30% to <50% to a urbanized area of 50,000 and greater",2,152,224.64516770333333,188.32258385166665
IN,"Small town core: primary flow within an urban cluster of 2,500 to 9,999",2,133,113.32843198325,123.164215991625
KS,"Metropolitan area core: primary flow within an urbanized area of 50,000 and greater",123,6131,156.74170577932568,51.11985126649858
KS,"Metropolitan area high commuting: primary flow 30% or more to a urbanized area of 50,000 and greater",3,335,116.05336684071429,150.3511222802381
KS,"Micropolitan area core: primary flow within an urban cluster of 10,000 to 49,999",21,1322,189.57101230848485,71.97957201468975
KY,"Metropolitan area core: primary flow within an urbanized area of 50,000 and greater",106,12558,263.4884852391604,120.95743853999208
KY,"Metropolitan area high commuting: primary flow 30% or more to a urbanized area of 50,000 and greater",1,31,88.541501976,119.541501976
KY,"Micropolitan area core: primary flow within an urban cluster of 10,000 to 49,999",33,2746,238.3039251792963,90.43345227816049
KY,"Rural areas: primary flow to a tract outside a urbanized area of 50,000 and greater or UC",10,239,75.44910795700001,31.444910795700004
KY,"Small town core: primary flow within an urban cluster of 2,500 to 9,999",4,263,242.2263140139091,126.30657850347728
LA,"Metropolitan area core: primary flow within an urbanized area of 50,000 and greater",156,13217,209.02098526631565,86.06423708504049
LA,"Metropolitan area high commuting: primary flow 30% or more to a urbanized area of 50,000 and greater",1,86,285.0320153025,371.0320153025
LA,"Micropolitan area core: primary flow within an urban cluster of 10,000 to 49,999",7,528,213.68204340647367,105.95457762949624
LA,"Micropolitan high commuting: primary flow 30% or more to a urban cluster of 10,000 to 49,999",1,115,645.22154701,760.22154701
LA,"Secondary flow 30% to <50% to a larger urbanized area of 50,000 and greater",12,767,237.40732048603573,83.70061004050298
MA,"Metropolitan area core: primary flow within an urbanized area of 50,000 and greater",263,17111,180.11355109402643,65.7456789014982
MA,"Metropolitan area high commuting: primary flow 30% or more to a urbanized area of 50,000 and greater",1,131,110.24903955,241.24903955000002
MA,"Micropolitan area core: primary flow within an urban cluster of 10,000 to 49,999",1,21,122.72,143.72
MD,"Metropolitan area core: primary flow within an urbanized area of 50,000 and greater",192,14533,279.9102796785727,77.1505743733259
MD,"Metropolitan area high commuting: primary flow 30% or more to a urbanized area of 50,000 and greater",20,1549,347.3769700075909,94.81884850037954
MD,"Micropolitan area core: primary flow within an urban cluster of 10,000 to 49,999",7,864,278.5626100898571,163.22323001283672
MD,"Secondary flow 30% to <50% to a larger urbanized area of 50,000 and greater",20,1696,306.8520901132245,100.14260450566123
MD,"Small town core: primary flow within an urban cluster of 2,500 to 9,999",1,210,125.281186416,335.28118641599997
ME,"Metropolitan area core: primary flow within an urbanized area of 50,000 and greater",33,1821,168.6143322400714,60.291343401214284
ME,"Micropolitan area core: primary flow within an urban cluster of 10,000 to 49,999",2,166,184.432639001,175.2163195005
ME,"Small town core: primary flow within an urban cluster of 2,500 to 9,999",3,71,79.32876923079999,50.1095897436
MI,"Metropolitan area core: primary flow within an urbanized area of 50,000 and greater",240,12678,241.44434610878113,53.83101810878659
MI,"Metropolitan area high commuting: primary flow 30% or more to a urbanized area of 50,000 and greater",3,234,137.9285405956,123.97618019853333
MI,"Micropolitan area core: primary flow within an urban cluster of 10,000 to 49,999",34,1530,195.41261890201693,50.74742996770638
MI,"Rural areas: primary flow to a tract outside a urbanized area of 50,000 and greater or UC",3,54,42.09865447466667,32.03288482488889
MI,"Secondary flow 30% to <50% to a urban cluster of 10,000 to 49,999",1,11,63.252857143,74.252857143
MI,"Small town core: primary flow within an urban cluster of 2,500 to 9,999",8,493,251.5756330867,93.0719541358375
MN,"Metropolitan area core: primary flow within an urbanized area of 50,000 and greater",222,10856,191.0109282110204,49.76131048743703
MN,"Metropolitan area high commuting: primary flow 30% or more to a urbanized area of 50,000 and greater",3,67,56.52390804666667,41.174636015555556
MN,"Micropolitan area core: primary flow within an urban cluster of 10,000 to 49,999",15,807,236.74515090845713,69.58301006056381
MN,"Micropolitan high commuting: primary flow 30% or more to a urban cluster of 10,000 to 49,999",7,177,39.18730612242857,30.88390087463265
MN,"Small town core: primary flow within an urban cluster of 2,500 to 9,999",4,166,80.0665350876,61.516633771900004
MO,"Metropolitan area core: primary flow within an urbanized area of 50,000 and greater",218,12155,153.513300566661,56.4610701860856
MO,"Metropolitan area high commuting: primary flow 30% or more to a urbanized area of 50,000 and greater",10,770,226.67868005176666,99.66786800517666
MO,"Micropolitan area core: primary flow within an urban cluster of 10,000 to 49,999",15,936,143.33861224413334,71.95590748294222
MO,"Secondary flow 30% to <50% to a urbanized area of 50,000 and greater",2,51,128.73467171766666,89.86733585883333
MO,"Small town core: primary flow within an urban cluster of 2,500 to 9,999",2,61,111.37357142766666,86.18678571383333
MO,"Small town low commuting: primary flow 10% to <30% to a urban cluster of 2,500 to 9,999",1,92,96.164169884,188.164169884
MS,"Metropolitan area core: primary flow within an urbanized area of 50,000 and greater",54,5941,243.2991237994013,114.52405784813706
MS,"Metropolitan area high commuting: primary flow 30% or more to a urbanized area of 50,000 and greater",9,650,165.53701597416665,90.61522399712963
MS,"Micropolitan area core: primary flow within an urban cluster of 10,000 to 49,999",24,1797,220.21244224476598,84.05051842686525
MS,"Micropolitan high commuting: primary flow 30% or more to a urban cluster of 10,000 to 49,999",12,2224,216.50134451585714,203.3751120429881
MS,"Secondary flow 30% to <50% to a urban cluster of 10,000 to 49,999",5,511,218.01368436980002,145.80273687396
MS,"Small town core: primary flow within an urban cluster of 2,500 to 9,999",1,44,86.26,130.26
MS,"Small town high commuting: primary flow 30% or more to a urban cluster of 2,500 to 9,999",1,63,25.18,88.18
MT,"Metropolitan area core: primary flow within an urbanized area of 50,000 and greater",24,1184,204.26872190327498,57.84453007930313
MT,"Micropolitan area core: primary flow within an urban cluster of 10,000 to 49,999",18,849,188.16906566364517,57.620503647980286
MT,"Micropolitan high commuting: primary flow 30% or more to a urban cluster of 10,000 to 49,999",1,36,398.97764411,434.97764411
MT,"Small town core: primary flow within an urban cluster of 2,500 to 9,999",1,153,129.5160446816,282.51604468159996
NC,"Metropolitan area core: primary flow within an urbanized area of 50,000 and greater",287,20257,212.4250255948374,71.32203841670676
NC,"Metropolitan area high commuting: primary flow 30% or more to a urbanized area of 50,000 and greater",5,1048,332.22608060523805,276.04521612104764
NC,"Metropolitan area low commuting: primary flow 10% to <30% to a urbanized area of 50,000 and greater",2,275,326.84143530999995,300.920717655
NC,"Micropolitan area core: primary flow within an urban cluster of 10,000 to 49,999",50,2785,249.41732793037113,60.68834655860743
NC,"Micropolitan high commuting: primary flow 30% or more to a urban cluster of 10,000 to 49,999",1,54,400.81453125,454.81453125
NC,"Rural areas: primary flow to a tract outside a urbanized area of 50,000 and greater or UC",3,580,287.24114422255553,289.0803814075185
NC,"Small town core: primary flow within an urban cluster of 2,500 to 9,999",3,441,262.391599749875,234.46386658329166
ND,"Metropolitan area core: primary flow within an urbanized area of 50,000 and greater",24,1365,160.8647036897755,63.57769598707398
ND,"Micropolitan area core: primary flow within an urban cluster of 10,000 to 49,999",5,142,66.17338707614286,41.63467741522857
NE,"Metropolitan area core: primary flow within an urbanized area of 50,000 and greater",76,5066,204.78639292799997,69.35245253852632
NE,"Micropolitan area core: primary flow within an urban cluster of 10,000 to 49,999",21,936,131.18843191009998,50.81849675762381
NH,"Metropolitan area core: primary flow within an urbanized area of 50,000 and greater",61,3529,219.93525030432323,61.457954923021695
NH,"Metropolitan area low commuting: primary flow 10% to <30% to a urbanized area of 50,000 and greater",3,339,298.8414051965,212.61380173216665
NH,"Micropolitan area core: primary flow within an urban cluster of 10,000 to 49,999",37,1930,138.24028848135484,55.89838617517176
NH,"Small town core: primary flow within an urban cluster of 2,500 to 9,999",2,141,244.4222912095,192.71114560475002
NJ,"Metropolitan area core: primary flow within an urbanized area of 50,000 and greater",278,13891,305.82547722562373,51.06771754397707
NJ,"Metropolitan area high commuting: primary flow 30% or more to a urbanized area of 50,000 and greater",4,282,378.3327440954,165.08318602385
NJ,"Micropolitan area core: primary flow within an urban cluster of 10,000 to 49,999",2,104,174.84317413579998,139.4215870679
NM,"Metropolitan area core: primary flow within an urbanized area of 50,000 and greater",49,3971,243.16869661397035,86.00344278804022
NM,"Metropolitan area high commuting: primary flow 30% or more to a urbanized area of 50,000 and greater",1,13,91.458,104.458
NM,"Micropolitan area core: primary flow within an urban cluster of 10,000 to 49,999",4,294,168.64023583266666,115.66005895816667
NV,"Metropolitan area core: primary flow within an urbanized area of 50,000 and greater",112,7450,294.75829194879435,69.14962760668566
NV,"Micropolitan area core: primary flow within an urban cluster of 10,000 to 49,999",3,72,531.2387636340001,201.079587878
NY,"Metropolitan area core: primary flow within an urbanized area of 50,000 and greater",433,29511,283.2771160431903,68.8089540786217
NY,"Metropolitan area high commuting: primary flow 30% or more to a urbanized area of 50,000 and greater",2,44,566.1295252533333,305.06476262666666
NY,"Micropolitan area core: primary flow within an urban cluster of 10,000 to 49,999",18,925,106.22785441648,57.29043635647112
NY,"Rural areas: primary flow to a tract outside a urbanized area of 50,000 and greater or UC",4,198,106.431795495,76.10794887375
NY,"Secondary flow 30% to <50% to a larger urbanized area of 50,000 and greater",2,271,183.7506960456,227.37534802279998
NY,"Secondary flow 30% to <50% to a urbanized area of 50,000 and greater",4,279,306.42106543875,146.3552663596875
NY,"Small town core: primary flow within an urban cluster of 2,500 to 9,999",5,101,57.05399488283334,31.610798976566667
OH,"Metropolitan area core: primary flow within an urbanized area of 50,000 and greater",305,16866,199.63028614309454,55.95288618407572
OH,"Metropolitan area high commuting: primary flow 30% or more to a urbanized area of 50,000 and greater",2,153,105.76377297271428,129.38188648635713
OH,"Micropolitan area core: primary flow within an urban cluster of 10,000 to 49,999",40,4346,175.60733230699057,113.04018330767477
OH,"Secondary flow 30% to <50% to a larger urbanized area of 50,000 and greater",6,417,265.26472238766667,113.71078706461111
OH,"Secondary flow 30% to <50% to a urbanized area of 50,000 and greater",3,86,132.45762142799998,72.81920714266666
OH,"Small town core: primary flow within an urban cluster of 2,500 to 9,999",9,279,77.58154162413332,39.620171291570365
OK,"Metropolitan area core: primary flow within an urbanized area of 50,000 and greater",128,12968,232.9910540381028,103.13274260967268
OK,"Micropolitan area core: primary flow within an urban cluster of 10,000 to 49,999",15,1039,247.44862554645002,85.76324170309667
OK,"Secondary flow 30% to <50% to a larger urbanized area of 50,000 and greater",9,482,306.05278590722224,87.56142065635802
OK,"Secondary flow 30% to <50% to a urbanized area of 50,000 and greater",1,35,25.611538462,60.611538462
OK,"Small town core: primary flow within an urban cluster of 2,500 to 9,999",1,12,25.57,37.57
OR,"Metropolitan area core: primary flow within an urbanized area of 50,000 and greater",127,7821,255.90611021599636,63.59768590721257
OR,"Metropolitan area high commuting: primary flow 30% or more to a urbanized area of 50,000 and greater",1,27,88.149655172,115.149655172
OR,"Micropolitan area core: primary flow within an urban cluster of 10,000 to 49,999",12,564,367.9866706361154,77.66555588634294
OR,"Secondary flow 30% to <50% to a urban cluster of 10,000 to 49,999",1,263,174.95935211942856,437.95935211942856
OR,"Secondary flow 30% to <50% to a urbanized area of 50,000 and greater",1,71,112.87511628,183.87511628
PA,"Metropolitan area core: primary flow within an urbanized area of 50,000 and greater",378,19957,218.2199105357844,53.37359764692006
PA,"Metropolitan area high commuting: primary flow 30% or more to a urbanized area of 50,000 and greater",10,851,150.959682478,100.1959682478
PA,"Micropolitan area core: primary flow within an urban cluster of 10,000 to 49,999",26,1172,115.40212035993181,49.51546616768969
PA,"Micropolitan high commuting: primary flow 30% or more to a urban cluster of 10,000 to 49,999",3,501,289.59655895592306,263.532186318641
PA,"Secondary flow 30% to <50% to a larger urbanized area of 50,000 and greater",1,19,26.102,45.102000000000004
PA,"Secondary flow 30% to <50% to a urbanized area of 50,000 and greater",1,29,46.6628450845,75.66284508449999
PA,"Small town core: primary flow within an urban cluster of 2,500 to 9,999",3,130,180.33675651714287,103.44558550571429
PR,"Metropolitan area core: primary flow within an urbanized area of 50,000 and greater",6,745,247.07690120214284,165.34615020035713
RI,"Metropolitan area core: primary flow within an urbanized area of 50,000 and greater",25,1311,238.9460682198889,61.99784272879556
SC,"Metropolitan area core: primary flow within an urbanized area of 50,000 and greater",174,15426,241.0730336765251,90.0406496188306
SC,"Metropolitan area high commuting: primary flow 30% or more to a urbanized area of 50,000 and greater",14,1128,125.47622095525,89.53401578251786
SC,"Micropolitan area core: primary flow within an urban cluster of 10,000 to 49,999",18,1248,193.26136898756758,80.07007605486486
SC,"Micropolitan high commuting: primary flow 30% or more to a urban cluster of 10,000 to 49,999",3,65,94.441971945,53.147323981666666
SC,"Secondary flow 30% to <50% to a larger urbanized area of 50,000 and greater",3,343,268.93411765875,203.97803921958334
SC,"Small town core: primary flow within an urban cluster of 2,500 to 9,999",2,208,282.790133825,245.3950669125
SD,"Metropolitan area core: primary flow within an urbanized area of 50,000 and greater",30,2298,138.4993061332405,81.21664353777469
SD,"Micropolitan area core: primary flow within an urban cluster of 10,000 to 49,999",15,400,145.4693377850625,36.364622519004165
TN,"Metropolitan area core: primary flow within an urbanized area of 50,000 and greater",193,15283,240.94240532308504,80.43493474260666
TN,"Metropolitan area high commuting: primary flow 30% or more to a urbanized area of 50,000 and greater",1,19,595.90229167,614.90229167
TN,"Micropolitan area core: primary flow within an urban cluster of 10,000 to 49,999",24,1886,204.46351913915254,87.10264663079802
TN,"Rural areas: primary flow to a tract outside a urbanized area of 50,000 and greater or UC",1,16,89.855135135,105.855135135
TN,"Secondary flow 30% to <50% to a larger urbanized area of 50,000 and greater",6,768,258.5911591527391,171.09852652545655
TN,"Secondary flow 30% to <50% to a urbanized area of 50,000 and greater",1,56,373.67652777499995,429.67652777499995
TX,"Metropolitan area core: primary flow within an urbanized area of 50,000 and greater",772,55806,250.9308895208586,72.6126047791721
TX,"Metropolitan area high commuting: primary flow 30% or more to a urbanized area of 50,000 and greater",32,2410,262.7392866731154,83.52310270853485
TX,"Micropolitan area core: primary flow within an urban cluster of 10,000 to 49,999",51,3718,232.99371594442255,77.47046501851808
TX,"Secondary flow 30% to <50% to a larger urbanized area of 50,000 and greater",39,2918,266.723151369,81.65956798382051
TX,"Secondary flow 30% to <50% to a urbanized area of 50,000 and greater",11,643,288.7407385254643,84.70370350231494
TX,"Small town core: primary flow within an urban cluster of 2,500 to 9,999",5,823,262.89953860075,217.17990772015
TX,"Small town high commuting: primary flow 30% or more to a urban cluster of 2,500 to 9,999",1,12,111.46,123.46
UT,"Metropolitan area core: primary flow within an urbanized area of 50,000 and greater",110,9705,243.13108880450855,90.43755535276826
UT,"Micropolitan area core: primary flow within an urban cluster of 10,000 to 49,999",3,252,293.12990855818185,181.70996951939392
UT,"Secondary flow 30% to <50% to a urbanized area of 50,000 and greater",2,29,26.436470588,27.718235294
UT,"Small town core: primary flow within an urban cluster of 2,500 to 9,999",5,314,197.01768743157143,102.20353748631427
VA,"Metropolitan area core: primary flow within an urbanized area of 50,000 and greater",252,20603,239.55857078194785,82.70856575707123
VA,"Metropolitan area high commuting: primary flow 30% or more to a urbanized area of 50,000 and greater",4,641,282.5974875404286,230.89937188510714
VA,"Micropolitan area core: primary flow within an urban cluster of 10,000 to 49,999",5,268,189.8056161866,91.56112323732
VA,"Secondary flow 30% to <50% to a larger urbanized area of 50,000 and greater",15,1299,220.04726790045456,101.2698178600303
VA,"Small town core: primary flow within an urban cluster of 2,500 to 9,999",2,86,209.90874259499998,147.9543712975
VT,"Metropolitan area core: primary flow within an urbanized area of 50,000 and greater",14,838,167.7346711746667,71.83819079819048
VT,"Metropolitan area high commuting: primary flow 30% or more to a urbanized area of 50,000 and greater",1,27,26.05,53.05
VT,"Micropolitan area core: primary flow within an urban cluster of 10,000 to 49,999",4,143,107.467158958,62.6167897395
VT,"Rural areas: primary flow to a tract outside a urbanized area of 50,000 and greater or UC",1,76,436.73648844,512.73648844
VT,"Secondary flow 30% to <50% to a urbanized area of 50,000 and greater",1,17,22.161176471,39.161176471000005
VT,"Small town core: primary flow within an urban cluster of 2,500 to 9,999",3,133,59.47307154033333,64.15769051344445
WA,"Metropolitan area core: primary flow within an urbanized area of 50,000 and greater",221,12195,218.87908979334242,56.17139859634997
WA,"Metropolitan area high commuting: primary flow 30% or more to a urbanized area of 50,000 and greater",4,77,71.43404605275,37.1085115131875
WA,"Micropolitan area core: primary flow within an urban cluster of 10,000 to 49,999",6,291,217.18997368299998,84.69832894716666
WI,"Metropolitan area core: primary flow within an urbanized area of 50,000 and greater",237,10427,164.6289097147007,44.69041734056835
WI,"Metropolitan area high commuting: primary flow 30% or more to a urbanized area of 50,000 and greater",1,17,646.57769231,663.57769231
WI,"Micropolitan area core: primary flow within an urban cluster of 10,000 to 49,999",20,1073,183.9736921312564,62.84868460656283
WI,"Rural areas: primary flow to a tract outside a urbanized area of 50,000 and greater or UC",2,46,87.60363636333334,66.80181818166668
WI,"Secondary flow 30% to <50% to a larger urbanized area of 50,000 and greater",10,528,241.05924426404346,76.90592442640434
WI,"Small town core: primary flow within an urban cluster of 2,500 to 9,999",3,123,231.1273475286,118.04244917620001
WV,"Metropolitan area core: primary flow within an urbanized area of 50,000 and greater",36,2785,137.34172046066263,81.17615890168507
WV,"Micropolitan area core: primary flow within an urban cluster of 10,000 to 49,999",5,592,104.40944600108332,139.28188920021665
WY,"Metropolitan area core: primary flow within an urbanized area of 50,000 and greater",7,432,241.0617023023077,96.15167175747253
WY,"Micropolitan area core: primary flow within an urban cluster of 10,000 to 49,999",9,272,210.2099436177143,53.57888262419048
WY,"Rural areas: primary flow to a tract outside a urbanized area of 50,000 and greater or UC",1,37,26.410487805,63.410487805
WY,"Small town core: primary flow within an urban cluster of 2,500 to 9,999",5,121,306.0565878605,85.41131757209999
